pod_id_location,start_date_UTC,end_date_UTC,slope,offset_ppb,offset_ugm3,scaling_method,scaling_start_date_UTC,scaling_end_date_UTC,pod_id,start_date_UTC_AM,install_date_UTC,last_rebasing_date_UTC,relocate_date_UTC,num_sensor_failures,sensor_failure_start1_UTC,sensor_failure_end1_UTC,sensor_failure_start2_UTC,sensor_failure_end2_UTC,num_periods_redact,redact_period_start1_UTC,redact_period_end1_UTC,redact_period_start2_UTC,redact_period_end2_UTC,num_valid_hours,data_capture_%,Average_ugm3,Exceedences_WHO_Guideline,site_id,Borough,location_name,Type,Site_Type,ULEZ,Latitude,Longitude,X_Coord,Y_Coord,Distance_from_Road,Height
1245,2019-02-15 12:00:00,2020-01-12 23:59:00,2.38,NA,2.648,Network Based Calibration,NA,NA,1245,2019-02-15 12:00:00,2018-10-31 20:00:00,NA,NA,0,NA,NA,NA,NA,0,NA,NA,NA,NA,7939,99.79,13.25,37,OZ4,Barnet,Dollis Road,Kerbside,,No,51.604486,-0.206551,524299.9229,191038.6267,1.2,3.1
2245,2019-05-03 10:00:00,2020-01-12 23:59:00,1.251,NA,0.103,Network Based Calibration,NA,NA,2245,2019-05-03 10:00:00,2019-05-03 10:00:00,NA,NA,0,NA,NA,NA,NA,0,NA,NA,NA,NA,5993,98.07,7.9,2,H1000,Camden,Great Ormond St Hospital,Roadside,Hospital ,Yes,51.52188,-0.120434,530499.4261,182002.3181,2.5,2.8
3245,2018-10-04 18:00:00,2020-01-12 23:59:00,1.034,NA,2.178,Network Based Calibration,NA,NA,3245,2018-09-04 18:00:00,2018-10-04 18:00:00,NA,NA,0,NA,NA,NA,NA,0,NA,NA,NA,NA,11132,99.69,12.59,49,74,Camden,Savernake Road,Urban Background,School,No,51.5554849,-0.1523385,528191.724,185682.9587,5,2.297
5245,2019-03-06 15:55:00,2020-01-12 23:59:00,0.932,NA,0.691,Network Based Calibration,NA,NA,5245,2019-03-06 15:55:00,2018-11-26 10:00:00,NA,NA,0,NA,NA,NA,NA,0,NA,NA,NA,NA,7482,99.81,11.25,21,71,Wandsworth,Garrett Lane,Kerbside,Individual ,No,51.440399,-0.186775,526117.9944,172825.4459,1,3.445
6245,2019-03-07 13:37:00,2020-01-12 23:59:00,0.829,NA,1.444,Network Based Calibration,NA,NA,6245,2019-03-07 13:37:00,2018-11-27 10:00:00,NA,NA,0,NA,NA,NA,NA,0,NA,NA,NA,NA,7459,99.79,12.41,27,68,Hounslow,Hanworth Road,Kerbside,,No,51.468625,-0.35977,514028.3706,175680.7242,1.2,3.2
8245,2019-02-14 15:00:00,2020-01-12 23:59:00,0.988,NA,1.131,Network Based Calibration,NA,NA,8245,2019-02-14 15:00:00,2018-10-05 12:00:00,NA,NA,0,NA,NA,NA,NA,0,NA,NA,NA,NA,7961,99.8,11.54,32,48,Southwark,Geraldine Street,Urban Background,School,Yes,51.49562,-0.105412,531617.1416,179108.998,21,2.225
9245,2019-03-21 11:00:00,2020-01-12 23:59:00,0.909,NA,1.175,Network Based Calibration,NA,NA,9245,2019-03-21 11:00:00,2019-02-20 16:00:00,NA,NA,0,NA,NA,NA,NA,0,NA,NA,NA,NA,7130,99.85,8.86,11,45,Westminster,Whitehall,Kerbside,,Yes,51.504566,-0.126167,530148.4296,180066.3016,1.2,2.9
10245,2019-04-09 15:00:00,2020-01-12 23:59:00,0.947,NA,0.306,Network Based Calibration,NA,NA,10245,2019-04-09 15:00:00,2019-04-09 15:00:00,NA,NA,0,NA,NA,NA,NA,0,NA,NA,NA,NA,6660,99.67,11.48,17,53,Southwark,Borough High Street,Roadside,,Yes,51.506131,-0.088654,532747.5427,180309.9732,3,5
11245,2018-10-09 11:00:00,2020-01-12 23:59:00,1.143,NA,0.711,Network Based Calibration,NA,NA,11245,2018-09-09 11:00:00,2018-10-09 11:00:00,NA,NA,0,NA,NA,NA,NA,0,NA,NA,NA,NA,10934,98.91,10.91,32,7,Kensington & Chelsea,Cadogan Gardens,Roadside,School,No,51.493217,-0.158772,527919.9752,178747.2644,2.3,1.762
12245,2018-10-09 13:00:00,2020-01-12 23:59:00,0.975,NA,1.089,Network Based Calibration,NA,NA,12245,2018-09-01 01:00:00,2018-10-09 13:00:00,NA,NA,0,NA,NA,NA,NA,0,NA,NA,NA,NA,10802,97.74,12.13,37,613,Barnet,Pattison Road,Urban Background,Individual ,No,51.560877,-0.195749,525167.0635,186206.4587,8.3,1.75
13245,2018-10-18 13:00:00,2020-01-12 23:59:00,1.026,NA,1.502,Network Based Calibration,NA,NA,13245,2018-09-01 01:00:00,2018-10-18 13:00:00,NA,NA,0,NA,NA,NA,NA,0,NA,NA,NA,NA,9322,86.03,13.52,39,503,Tower Hamlets,Hunslett Street,Urban Background,School,No,51.529308,-0.048721,535452.3321,182958.5548,2,2
15245,2018-10-25 07:00:00,2020-01-12 23:59:00,1.17,NA,1.882,Network Based Calibration,NA,NA,15245,2018-09-25 07:00:00,2018-10-25 07:00:00,NA,NA,0,NA,NA,NA,NA,0,NA,NA,NA,NA,7953,74.51,9.93,17,23,Islington,Caledonian Road,Kerbside,,No,51.550067,-0.117987,530585.3666,185137.5427,2.3,3.1
16245,2019-03-07 15:35:00,2020-01-12 23:59:00,0.904,NA,-0.923,Network Based Calibration,NA,NA,16245,2019-03-07 15:35:00,2018-10-04 11:00:00,NA,NA,0,NA,NA,NA,NA,0,NA,NA,NA,NA,7128,95.39,13.9,26,5,Kensington & Chelsea,Kensington Church Walk,Urban Background,School,No,51.501862,-0.19241,525561.1801,179650.4321,9,1.525
18245,2019-03-07 12:05:00,2020-01-12 23:59:00,0.97,NA,1.638,Network Based Calibration,NA,NA,18245,2019-03-07 12:05:00,2018-11-01 00:00:00,NA,NA,0,NA,NA,NA,NA,0,NA,NA,NA,NA,7453,99.69,9.42,13,62,Kingston,London Road,Kerbside,,No,51.410714,-0.296626,518563.8152,169340.8706,1,3.25
19245,2018-09-28 16:00:00,2020-01-12 23:59:00,0.981,NA,1.758,Network Based Calibration,NA,NA,19245,2018-09-28 16:00:00,2018-09-28 16:00:00,NA,NA,0,NA,NA,NA,NA,0,NA,NA,NA,NA,11210,99.09,11.78,39,27,Tower Hamlets,Mansford Street,Urban Background,School,No,51.528757,-0.061823,534545.1839,182873.1272,2,11
20245,2018-10-03 21:00:00,2020-01-12 23:59:00,0.992,NA,1.089,Network Based Calibration,NA,NA,20245,2018-09-03 21:00:00,2018-10-03 21:00:00,NA,NA,0,NA,NA,NA,NA,0,NA,NA,NA,NA,11157,99.72,11.47,36,596,Camden,Albert Street,Roadside,,No,51.536271,-0.143525,528859.4172,183562.4421,3.6,3.658
21245,2018-10-18 13:00:00,2020-01-12 23:59:00,1.8,NA,3.786,Network Based Calibration,NA,NA,21245,2018-09-01 01:00:00,2018-10-18 13:00:00,NA,NA,0,NA,NA,NA,NA,2,2019-07-29 07:00:00,2019-07-31 13:00:00,2019-02-13 01:00:00,2019-04-09 10:50:00,7706,81.05,13.15,32,637,Barking & Dagenham,Wood Lane,Kerbside,,No,51.561372,0.148582,549034.541,186905.1839,1,3
22245,2018-10-02 12:00:00,2020-01-12 23:59:00,1.106,NA,2.415,Network Based Calibration,NA,NA,22245,2018-09-02 12:00:00,2018-10-02 12:00:00,NA,NA,0,NA,NA,NA,NA,0,NA,NA,NA,NA,10419,92.85,12.57,46,50,Southwark,Blackfriars Road,Kerbside,,Yes,51.505529,-0.104345,531657.8302,180212.8254,0.5,2.457
25245,2018-09-27 09:00:00,2020-01-12 23:59:00,0.872,NA,0.861,Network Based Calibration,NA,NA,25245,2018-09-27 09:00:00,2018-09-27 09:00:00,NA,NA,0,NA,NA,NA,NA,0,NA,NA,NA,NA,8064,71.09,10.52,20,36,Camden,Laystall St,Roadside,School,Yes,51.522514,-0.112014,531087.6619,182085.6874,2,3
26245,2019-03-05 11:30:00,2020-01-12 23:59:00,1.134,NA,0.644,Network Based Calibration,NA,NA,26245,2019-03-05 11:30:00,2019-02-15 12:00:00,NA,NA,0,NA,NA,NA,NA,0,NA,NA,NA,NA,7297,96.98,16.1,49,58,Waltham Forest,Larkshall Road,Roadside,,No,51.618933,-0.000281,538530.2078,193014.5457,0.5,3.4
27245,2018-10-03 13:00:00,2020-01-12 23:59:00,0.85,NA,1.628,Network Based Calibration,NA,NA,27245,2018-09-03 13:00:00,2018-10-03 13:00:00,NA,NA,0,NA,NA,NA,NA,0,NA,NA,NA,NA,10727,95.81,10.62,29,527,Wandsworth,St Anns Hill,Roadside,School,No,51.456143,-0.18927,525904.8363,174571.6912,4.2,2.145
28245,2019-04-11 00:00:00,2020-01-12 23:59:00,1.071,NA,2.283,Network Based Calibration,NA,NA,28245,2019-04-11 00:00:00,2019-02-04 15:00:00,NA,NA,0,NA,NA,NA,NA,0,NA,NA,NA,NA,6631,99.73,11.45,17,21,Haringey,Markfield Road,Kerbside,,No,51.583916,-0.064269,534213.1826,189002.5014,1.1,3.24
29245,2018-10-05 10:00:00,2020-01-12 23:59:00,0.702,NA,2.222,Network Based Calibration,NA,NA,29245,2018-09-05 10:00:00,2018-10-05 10:00:00,NA,NA,0,NA,NA,NA,NA,0,NA,NA,NA,NA,11126,99.78,9.36,21,2,Kensington & Chelsea,Crowthorne Road,Roadside,School,No,51.516554,-0.218503,523710.4458,181239.8547,0.9,3.353
30245,2018-10-04 14:00:00,2020-01-12 23:59:00,0.971,NA,1.942,Network Based Calibration,NA,NA,30245,2018-09-04 14:00:00,2018-10-04 14:00:00,NA,NA,0,NA,NA,NA,NA,0,NA,NA,NA,NA,11101,99.37,17.61,89,12,Lambeth,Stockwell Road,Roadside,School,No,51.466706,-0.117473,530863.915,175873.2441,5,2.286
31245,2018-10-11 16:00:00,2020-01-12 23:59:00,0.942,NA,1.358,Network Based Calibration,NA,NA,31245,2018-09-11 16:00:00,2018-10-11 16:00:00,NA,NA,0,NA,NA,NA,NA,0,NA,NA,NA,NA,10614,96.48,10.89,37,52,Southwark,Tower Bridge Road,Roadside,School,Yes,51.501965,-0.077592,533524.4056,179865.6484,3.3,2.945
32245,2019-03-04 14:31:00,2020-01-12 23:59:00,1.889,NA,-0.808,Network Based Calibration,NA,NA,32245,2019-03-04 14:31:00,2018-10-31 11:00:00,NA,NA,0,NA,NA,NA,NA,1,2019-07-24 02:00:00,2019-08-02 11:00:00,NA,NA,6880,93.98,8.64,13,554,Enfield,Southbury Road,Kerbside,,No,51.649088,-0.054961,534664.6639,196264.8456,1.1,3.1
33245,2019-09-17 13:00:00,2020-01-12 23:59:00,1.261,NA,-1.42,Network Based Calibration,NA,NA,33245,2018-09-01 01:00:00,2019-09-17 13:00:00,NA,NA,0,NA,NA,NA,NA,0,NA,NA,NA,NA,2817,99.89,12.62,17,712,Islington,Pemberton Gardens,Urban Background,,No,51.562469,-0.132545,529542.5915,186496.8159,0.3,3
34245,2018-10-16 15:00:00,2020-01-12 23:59:00,0.971,NA,1.297,Network Based Calibration,NA,NA,34245,2018-09-16 15:00:00,2018-10-16 15:00:00,NA,NA,0,NA,NA,NA,NA,0,NA,NA,NA,NA,10798,99.23,11.78,39,511,Greenwich,Haimo Road,Urban Background,School,No,51.455253,0.040655,541881.0929,174892.7056,5,2
35245,2018-10-18 13:00:00,2020-01-12 23:59:00,1.119,NA,0.094,Network Based Calibration,NA,NA,35245,2018-09-18 13:00:00,2018-10-18 13:00:00,NA,NA,0,NA,NA,NA,NA,0,NA,NA,NA,NA,10810,99.76,10.27,26,630,Lambeth,Triangle Adventure Playground,Urban Background,,No,51.481924,-0.115556,530952.2198,177567.7874,6,2.35
36245,2019-02-28 12:11:00,2020-01-12 23:59:00,0.84,NA,1.923,Network Based Calibration,NA,NA,36245,2019-02-28 12:11:00,2018-10-19 14:00:00,NA,NA,0,NA,NA,NA,NA,0,NA,NA,NA,NA,7621,99.7,12.6,23,51,Southwark,Black Horse Court,Kerbside,,Yes,51.496482,-0.088226,532799.2397,179229.1059,0.3,3.1
37245,2018-10-12 12:00:00,2020-01-12 23:59:00,0.866,NA,-0.11,Network Based Calibration,NA,NA,37245,2018-09-12 12:00:00,2018-10-12 12:00:00,NA,NA,0,NA,NA,NA,NA,0,NA,NA,NA,NA,10953,99.75,13.7,46,70,Barking & Dagenham,Station Parade,Kerbside,,No,51.539063,0.080874,544410.2627,184291.0103,1,3.114
38245,2019-03-04 16:40:00,2020-01-12 23:59:00,1.118,NA,1.011,Network Based Calibration,NA,NA,38245,2019-03-04 16:40:00,2018-10-11 12:00:00,NA,NA,0,NA,NA,NA,NA,0,NA,NA,NA,NA,6944,92.05,9.99,12,59,Redbridge,Chigwell Road,Roadside,,No,51.595229,0.038207,541270.7546,190456.4922,6,3.023
39245,2019-05-22 17:00:00,2020-01-12 23:59:00,1.071,NA,0.859,Network Based Calibration,NA,NA,39245,2019-05-22 17:00:00,2019-05-22 17:00:00,NA,NA,0,NA,NA,NA,NA,0,NA,NA,NA,NA,5641,99.88,9.05,10,16,Greenwich,Hendon Street,Urban Background,School,No,51.495027,0.010292,539650.247,179257.2713,0,3
40245,2018-10-10 10:00:00,2020-01-12 23:59:00,1.052,NA,0.754,Network Based Calibration,NA,NA,40245,2018-09-01 01:00:00,2018-10-10 10:00:00,NA,NA,0,NA,NA,NA,NA,0,NA,NA,NA,NA,10676,96.78,13.24,47,615,Islington,Queen Margarets Grove,Urban Background,Individual ,No,51.549215,-0.079761,533241.2495,185115.3176,5.7,2.305
42245,2019-03-05 10:17:00,2020-01-12 23:59:00,0.87,NA,1.364,Network Based Calibration,NA,NA,42245,2019-03-05 10:17:00,2019-02-12 13:00:00,NA,NA,0,NA,NA,NA,NA,1,2019-08-20 02:00:00,2019-10-17 14:00:00,NA,NA,5949,97.18,11.69,15,72,Newham,Romford Road,Kerbside,,No,51.554615,0.058982,542843.0601,185977.8612,0.5,3.3
42451,2019-03-06 14:35:00,2019-11-05 01:00:00,0.628,NA,1.363,Network Based Calibration,NA,NA,4245,2019-03-06 14:35:00,2019-02-19 15:00:00,NA,2019-11-05 01:00:00,0,NA,NA,NA,NA,0,NA,NA,NA,NA,5777,98.88,13.32,31,10,Lambeth,Wandsworth Road,Kerbside,,No,51.475735,-0.131209,529881.9791,176852.2693,0.5,3.12
43245,2019-03-06 11:00:00,2020-01-12 23:59:00,0.857,NA,0.58,Network Based Calibration,NA,NA,43245,2019-03-06 11:00:00,2019-03-06 11:00:00,NA,NA,0,NA,NA,NA,NA,0,NA,NA,NA,NA,5352,71.35,9.43,10,576,Lambeth,Durham Street,Urban Background,School,Yes,51.485597,-0.11909,530699.4931,177970.8743,8.5,3.011
44245,2018-10-11 11:00:00,2020-01-12 23:59:00,1.162,NA,1.636,Network Based Calibration,NA,NA,44245,2018-09-11 11:00:00,2018-10-11 11:00:00,NA,NA,0,NA,NA,NA,NA,0,NA,NA,NA,NA,10981,99.77,13.19,53,56,City of London,West Smithsfield,Kerbside,Hospital ,Yes,51.518921,-0.100905,531861.3897,181710.159,1.5,3.012
45245,2018-12-01 00:00:00,2020-01-12 23:59:00,1.266,NA,0.685,Network Based Calibration,NA,NA,45245,2018-12-01 00:00:00,2018-11-01 00:00:00,NA,NA,0,NA,NA,NA,NA,0,NA,NA,NA,NA,9775,99.83,11.88,35,4,Kensington & Chelsea,Ladbroke Grove,Roadside,,No,51.510768,-0.20529,524642.5327,180618.6242,0.4,5.87
46245,2018-10-26 12:00:00,2020-01-12 23:59:00,0.942,NA,0.914,Network Based Calibration,NA,NA,46245,2018-09-26 12:00:00,2018-10-26 12:00:00,NA,NA,0,NA,NA,NA,NA,0,NA,NA,NA,NA,10456,98.22,12.32,34,6,Kensington & Chelsea,Exhibition Road,Roadside,,No,51.495475,-0.173573,526893.2168,178972.8174,3.1,6.1
47245,2019-03-14 15:10:00,2020-01-12 23:59:00,0.909,NA,1.061,Network Based Calibration,NA,NA,47245,2019-03-14 15:10:00,2018-10-11 13:00:00,NA,NA,0,NA,NA,NA,NA,0,NA,NA,NA,NA,7296,99.88,10.04,14,34,Islington,Whitecross,Urban Background,School,Yes,51.521451,-0.092771,532419.7357,182004.2672,12.4,3.126
48245,2018-10-19 12:00:00,2020-01-12 23:59:00,1.738,NA,2.487,Network Based Calibration,NA,NA,48245,2018-09-19 12:00:00,2018-10-19 12:00:00,NA,NA,0,NA,NA,NA,NA,0,NA,NA,NA,NA,10401,96.19,11.6,35,583,Southwark,Peckham Road,Urban Background,School,No,51.474326,-0.078151,533567.022,176786.3635,NA,2.9
49245,2019-02-19 12:00:00,2020-01-12 23:59:00,0.981,NA,0.882,Network Based Calibration,NA,NA,49245,2019-02-19 12:00:00,2019-02-19 12:00:00,NA,NA,0,NA,NA,NA,NA,0,NA,NA,NA,NA,6738,85.73,11.65,22,706,Haringey,Ellenborough Road,Urban Background,School,No,51.59906,-0.095201,532026.3828,190630.2976,6.4,3.5
51245,2019-02-26 15:00:00,2020-01-12 23:59:00,0.706,NA,1.435,Network Based Calibration,NA,NA,51245,2019-02-26 15:00:00,2018-10-11 10:00:00,NA,NA,0,NA,NA,NA,NA,0,NA,NA,NA,NA,6541,85.07,9.2,14,22,Hackney,Lancell Street,Urban Background,School,No,51.5618,-0.07587,533474.2002,186521.9029,22.2,2.943
52245,2018-10-16 11:00:00,2020-01-12 23:59:00,1.013,NA,1.109,Network Based Calibration,NA,NA,52245,2018-09-16 11:00:00,2018-10-16 11:00:00,NA,NA,0,NA,NA,NA,NA,0,NA,NA,NA,NA,10165,93.38,11.57,28,506,Wandsworth,Dagnall Street,Urban Background,School,No,51.4738,-0.157493,528063.0973,176590.2608,36.7,3.75
53245,2018-10-17 11:00:00,2020-01-12 23:59:00,0.903,NA,1.378,Network Based Calibration,NA,NA,53245,2018-09-17 11:00:00,2018-10-17 11:00:00,NA,NA,0,NA,NA,NA,NA,0,NA,NA,NA,NA,10528,96.93,10.92,32,519,Tower Hamlets,Devas Street,Urban Background,School,No,51.523099,-0.012704,537967.7461,182340.7169,12,2
54245,2018-10-10 12:00:00,2020-01-12 23:59:00,1.107,NA,1.121,Network Based Calibration,NA,NA,54245,2018-09-10 12:00:00,2018-10-10 12:00:00,NA,NA,0,NA,NA,NA,NA,0,NA,NA,NA,NA,10824,98.14,13.05,48,87,Islington,Holloway Bus Garage,Roadside,,No,51.561917,-0.132947,529517.7305,186432.3744,2.1,2.581
55245,2018-12-17 12:00:00,2020-01-12 23:59:00,1.011,NA,1.528,Network Based Calibration,NA,NA,55245,2018-12-17 12:00:00,2018-12-17 12:00:00,NA,NA,0,NA,NA,NA,NA,0,NA,NA,NA,NA,8820,93.87,11.52,34,510,Richmond,Upper Richmond Road,Roadside,School,No,51.465116,-0.254736,521332.7818,175460.2846,4,3
56245,2018-10-17 13:00:00,2020-01-12 23:59:00,1.333,NA,-0.222,Network Based Calibration,NA,NA,56245,2018-09-17 13:00:00,2018-10-17 13:00:00,NA,NA,0,NA,NA,NA,NA,0,NA,NA,NA,NA,10830,99.72,13.59,61,501,Ealing,The Vale,Urban Background,School,No,51.506679,-0.262782,520664.3328,180059.5757,10,3.5
57245,2018-10-18 17:00:00,2020-01-12 23:59:00,0.913,NA,1.24,Network Based Calibration,NA,NA,57245,2018-09-18 17:00:00,2018-10-18 17:00:00,NA,NA,0,NA,NA,NA,NA,0,NA,NA,NA,NA,9472,87.44,10.87,30,47,Lambeth,Lollard Street,Urban Background,,Yes,51.492714,-0.114098,531022.5457,178770.2733,10,2
59245,2019-03-20 16:48:00,2020-01-12 23:59:00,1.806,NA,-0.09,Network Based Calibration,NA,NA,59245,2019-03-20 16:48:00,2019-03-20 15:00:00,NA,NA,0,NA,NA,NA,NA,0,NA,NA,NA,NA,7124,99.51,11.79,23,595,Westminster,Drury Lane,Urban Background,School,Yes,51.513472,-0.119223,530605.4581,181065.6835,7,3
60245,2019-03-06 12:40:00,2020-01-12 23:59:00,1.327,NA,-1.868,Network Based Calibration,NA,NA,60245,2019-03-06 12:40:00,2018-10-19 12:00:00,NA,NA,0,NA,NA,NA,NA,0,NA,NA,NA,NA,7477,99.7,17.02,44,13,Southwark,Camberwell Road,Kerbside,,No,51.475739,-0.093557,532495.9891,176918.9231,0.7,3.1
62245,2018-10-23 15:00:00,2020-01-12 23:59:00,0.972,NA,0.385,Network Based Calibration,NA,NA,62245,2018-09-23 15:00:00,2018-10-23 15:00:00,NA,NA,0,NA,NA,NA,NA,0,NA,NA,NA,NA,10684,99.72,15.52,56,539,Barnet,Hendon Way,Urban Background,School,No,51.571687,-0.210037,524142.974,187382.4249,10.6,4.86
63245,2018-10-15 18:00:00,2020-01-12 23:59:00,0.812,NA,1.554,Network Based Calibration,NA,NA,63245,2018-09-15 18:00:00,2018-10-15 18:00:00,NA,NA,0,NA,NA,NA,NA,0,NA,NA,NA,NA,10199,93.54,12.23,37,523,Redbridge,Oakdale Road,Urban Background,School,No,51.592485,0.033284,540944.9368,190138.8431,1.5,2.965
64245,2018-10-16 10:00:00,2020-01-12 23:59:00,1.041,NA,0.987,Network Based Calibration,NA,NA,64245,2018-09-16 10:00:00,2018-10-16 10:00:00,NA,NA,0,NA,NA,NA,NA,0,NA,NA,NA,NA,10502,96.46,10.75,28,639,Tower Hamlets,Morpeth Street,Roadside,School,No,51.527588,-0.047295,535556.3458,182769.925,2,2
65245,2019-02-27 14:17:00,2020-01-12 23:59:00,0.819,NA,-0.258,Network Based Calibration,NA,NA,65245,2019-02-27 14:17:00,2019-01-22 12:00:00,NA,NA,0,NA,NA,NA,NA,0,NA,NA,NA,NA,6867,89.58,13.14,14,39,Westminster,Edgware Road,Kerbside,,No,51.51419,-0.161979,527638.7888,181073.9487,0.3,3.1
66245,2018-10-16 14:00:00,2020-01-12 23:59:00,0.905,NA,2.286,Network Based Calibration,NA,NA,66245,2018-09-16 14:00:00,2018-10-16 14:00:00,NA,NA,0,NA,NA,NA,NA,0,NA,NA,NA,NA,10858,99.77,11.57,37,628,Tower Hamlets,Columbia Road,Urban Background,School,No,51.528491,-0.074268,533682.7495,182820.7544,15.6,2.6
67245,2019-03-21 10:30:00,2020-01-12 23:59:00,0.62,NA,0.59,Network Based Calibration,NA,NA,67245,2019-03-21 10:30:00,2018-10-17 11:00:00,NA,NA,0,NA,NA,NA,NA,0,NA,NA,NA,NA,5871,82.21,10.86,11,621,Ealing,Wyndham Road,Urban Background,School,No,51.50061,-0.320726,516658.6329,179299.094,NA,2.866
68245,2018-11-02 00:00:00,2020-01-12 23:59:00,1.102,NA,0.848,Network Based Calibration,NA,NA,68245,2018-11-02 00:00:00,2018-11-02 00:00:00,NA,NA,0,NA,NA,NA,NA,0,NA,NA,NA,NA,8151,77.72,10.59,27,1,Hammersmith & Fulham,Blomfontein Road,Roadside,,No,51.514071,-0.235418,522540.6188,180934.6,0.25,3.5
69245,2018-10-18 15:00:00,2020-01-12 23:59:00,1.363,NA,1.243,Network Based Calibration,NA,NA,69245,2018-03-01 20:30:00,2018-10-18 15:00:00,NA,NA,0,NA,NA,NA,NA,0,NA,NA,NA,NA,10802,99.7,12.24,34,536,Hounslow,Devonshire Street,Urban Background,School,No,51.488199,-0.255688,521205.6051,178024.4867,NA,2.126
70245,2018-10-26 09:00:00,2020-01-12 23:59:00,0.659,NA,2.253,Network Based Calibration,NA,NA,70245,2018-09-01 01:00:00,2018-10-26 09:00:00,NA,NA,0,NA,NA,NA,NA,0,NA,NA,NA,NA,10563,99.2,10.95,25,529,Lewisham,St James,Urban Background,School,No,51.474143,-0.038547,536322.4045,176842.9629,NA,2.13
71245,2019-03-12 13:50:00,2020-01-12 23:59:00,0.901,NA,1.127,Network Based Calibration,NA,NA,71245,2019-03-12 13:50:00,2018-10-16 15:00:00,NA,NA,0,NA,NA,NA,NA,0,NA,NA,NA,NA,7343,99.85,11.77,20,627,Tower Hamlets,Beaumont Grove,Urban Background,School,No,51.521004,-0.046559,535626.9439,182039.1302,NA,2.767
72245,2019-03-13 15:55:00,2020-01-12 23:59:00,1.262,NA,-2.812,Network Based Calibration,NA,NA,72245,2019-03-13 15:55:00,2019-02-13 12:00:00,NA,NA,0,NA,NA,NA,NA,0,NA,NA,NA,NA,7309,99.74,18.55,68,8,Westminster,Marylebone,Roadside,,Yes,51.52304,-0.174732,526729.3718,182035.9607,1.4,3
73245,2019-02-14 13:45:00,2020-01-12 23:59:00,0.99,NA,0.777,Network Based Calibration,NA,NA,73245,2019-02-14 13:45:00,2018-10-24 19:00:00,NA,NA,0,NA,NA,NA,NA,0,NA,NA,NA,NA,7571,94.9,12.02,25,624,Richmond,Kew Road,Kerbside,,No,51.46394,-0.301597,518077.961,175253.8869,1,3.03
75245,2018-10-24 13:00:00,2020-01-12 23:59:00,0.758,NA,1.433,Network Based Calibration,NA,NA,75245,2018-09-24 13:00:00,2018-10-24 13:00:00,NA,NA,0,NA,NA,NA,NA,0,NA,NA,NA,NA,10187,95.28,13.18,36,636,Sutton,Robin Hood Health Centre,Roadside,GP Surgery,No,51.362842,-0.196908,525629.4403,164183.2753,1.5,2.9
76245,2019-03-07 10:25:00,2020-01-12 23:59:00,1.195,NA,1.694,Network Based Calibration,NA,NA,76245,2019-03-07 10:25:00,2018-10-24 15:00:00,NA,NA,0,NA,NA,NA,NA,0,NA,NA,NA,NA,7464,99.82,10,17,64,Wandsworth,Roehampton Lane,Roadside,,No,51.455096,-0.243402,522142.84,174364.5799,1.7,3.3
77245,2019-03-13 11:20:00,2020-01-12 23:59:00,2.036,NA,0.421,Network Based Calibration,NA,NA,77245,2019-03-13 11:20:00,2019-02-05 14:00:00,NA,NA,0,NA,NA,NA,NA,0,NA,NA,NA,NA,7015,95.67,15.94,34,632,Lambeth,Cornwall Road,Kerbside,,Yes,51.506643,-0.112107,531120.8062,180322.7835,1,3
78245,2019-03-15 23:00:00,2020-01-12 23:59:00,0.951,NA,1.605,Network Based Calibration,NA,NA,78245,2019-03-15 23:00:00,2018-10-24 16:00:00,NA,NA,0,NA,NA,NA,NA,0,NA,NA,NA,NA,6539,89.91,8.39,3,24,Hackney,Cecilia Road,Roadside,,No,51.54989,-0.06836,534032.0795,185211.4701,0.3,3.5
80245,2019-03-01 12:19:00,2020-01-12 23:59:00,0.952,NA,0.916,Network Based Calibration,NA,NA,80245,2019-03-01 12:19:00,2018-11-29 10:00:00,NA,NA,0,NA,NA,NA,NA,0,NA,NA,NA,NA,7600,99.74,13.74,27,26,Hackney,Ballance Road,Roadside,,No,51.5456,-0.03614,536276.3304,184793.6152,0.3,3.3
81245,2018-10-23 09:00:00,2020-01-12 23:59:00,0.727,NA,1.877,Network Based Calibration,NA,NA,81245,2018-09-23 09:00:00,2018-10-23 09:00:00,NA,NA,0,NA,NA,NA,NA,0,NA,NA,NA,NA,9403,87.71,11.76,39,568,Havering,Bonington Road,Urban Background,School,No,51.544414,0.21182,553472.6492,185152.4722,10.3,3.02
82245,2019-03-01 23:00:00,2020-01-12 23:59:00,0.636,NA,0.994,Network Based Calibration,NA,NA,82245,2019-03-01 23:00:00,2018-11-02 00:00:00,NA,NA,0,NA,NA,NA,NA,0,NA,NA,NA,NA,7593,99.79,13.57,24,78,Camden,Haverstock Hill,Roadside,,No,51.549012,-0.162351,527513.696,184943.6321,1.3,3.2
83245,2019-05-02 13:00:00,2020-01-12 23:59:00,0.767,NA,2.133,Network Based Calibration,NA,NA,83245,2019-05-02 13:00:00,2019-05-02 13:00:00,NA,NA,0,NA,NA,NA,NA,0,NA,NA,NA,NA,6118,99.77,7.86,1,73,Southwark,Brook Drive,Urban Background,,Yes,51.493213,-0.101559,531889.3517,178848.6112,20,2.5
86245,2019-02-28 10:37:00,2020-01-12 23:59:00,0.904,NA,0.587,Network Based Calibration,NA,NA,86245,2019-02-28 10:37:00,2018-10-23 10:00:00,NA,NA,0,NA,NA,NA,NA,0,NA,NA,NA,NA,7630,99.8,15.3,48,32,Tower Hamlets,Commercial Street,Kerbside,,Yes,51.518123,-0.074271,533711.1536,181667.1106,0.3,3.1
88245,2018-10-29 12:00:00,2020-01-12 23:59:00,2.294,NA,0.433,Network Based Calibration,NA,NA,88245,2018-09-29 13:00:00,2018-10-29 12:00:00,NA,NA,0,NA,NA,NA,NA,0,NA,NA,NA,NA,10452,98.87,12.01,36,33,City of London,London Wall,Kerbside,,Yes,51.516749,-0.085342,532948.3917,181494.0067,0.3,3.03
90245,2019-02-27 15:00:00,2020-01-12 23:59:00,0.902,NA,2.939,Network Based Calibration,NA,NA,90245,2019-02-27 15:00:00,2019-02-27 15:00:00,NA,NA,0,NA,NA,NA,NA,0,NA,NA,NA,NA,7644,99.73,11.69,23,OZ7,Bexley,Broadway Street,Roadside,,No,51.45788,0.135353,548452.1375,175376.2589,0.46,3.5
93245,2019-07-03 13:00:00,2020-01-12 23:59:00,0.984,NA,3.413,Network Based Calibration,NA,NA,93245,2019-07-03 01:00:00,2019-07-03 13:00:00,NA,NA,0,NA,NA,NA,NA,0,NA,NA,NA,NA,4643,99.98,15.84,18,703,Bromley,Beckenham Lane,Roadside,School,No,51.4073728,0.0057789,539603.2683,169496.4413,4,3
96245,2019-03-08 10:27:00,2020-01-12 23:59:00,0.87,NA,2.436,Network Based Calibration,NA,NA,96245,2019-03-08 10:27:00,2019-01-09 12:00:00,NA,NA,0,NA,NA,NA,NA,0,NA,NA,NA,NA,7386,99.09,13.01,22,30,Islington,Rosebery Avenue,Roadside,,Yes,51.52844,-0.10692,531418.061,182755.9797,0.3,3.23
98245,2019-03-04 23:00:00,2020-01-12 23:59:00,1.613,NA,4.371,Network Based Calibration,NA,NA,98245,2019-03-04 23:00:00,2019-03-04 12:00:00,NA,NA,0,NA,NA,NA,NA,0,NA,NA,NA,NA,7041,93.42,12.33,30,OZ5,Enfield,Hertford Road,Kerbside,,No,51.673753,-0.038301,535739.7371,199042.3058,0.2,3.19
332450,2018-10-16 17:00:00,2019-07-24 02:00:00,1.261,NA,-1.42,Network Based Calibration,NA,NA,33245,2018-09-01 01:00:00,2018-10-16 17:00:00,NA,2019-07-24 02:00:00,0,NA,NA,NA,NA,0,NA,NA,NA,NA,6391,94.98,14.62,39,623,Westminster,Churchill Gardens Road,Urban Background ,Individual ,No,51.486223,-0.14503,528893.6111,177993.5895,10.5,19.5
332451,2019-09-03 13:00:00,2019-09-17 02:00:00,1.261,NA,-1.42,Network Based Calibration,NA,NA,33245,2018-09-01 01:00:00,2019-09-03 13:00:00,NA,2019-09-17 02:00:00,0,NA,NA,NA,NA,0,NA,NA,NA,NA,325,100,10.17,0,75,Islington,Holloway Road,Roadside,,No,51.555387,-0.116092,530700.6533,185732.4358,2,2.5
