pod_id_location,start_date_UTC,end_date_UTC,slope,offset_ppb,offset_ugm3,scaling_method,scaling_start_date_UTC,scaling_end_date_UTC,pod_id,start_date_UTC_AM,install_date_UTC,last_rebasing_date_UTC,relocate_date_UTC,num_sensor_failures,sensor_failure_start1_UTC,sensor_failure_end1_UTC,sensor_failure_start2_UTC,sensor_failure_end2_UTC,num_periods_redact,redact_period_start1_UTC,redact_period_end1_UTC,redact_period_start2_UTC,redact_period_end2_UTC,num_valid_hours,data_capture_%,Average_ugm3,Exceedences_WHO_Guideline,site_id,Borough,location_name,Type,Site_Type,ULEZ,Latitude,Longitude,X_Coord,Y_Coord,Distance_from_Road,Height
1245,2019-02-15 16:45:00,2019-12-11 17:00:00,1.451,0.152,0.292,Gold Pod Colocation,NA,2019-12-11 17:00:00,1245,2019-02-15 16:45:00,2018-10-31 20:00:00,2019-12-11 17:00:00,NA,1,2019-11-26 08:42:00,2019-12-11 17:01:00,NA,NA,0,NA,NA,NA,NA,6790,94.62,34.35,0,OZ4,Barnet,Dollis Road,Kerbside,,No,51.604486,-0.206551,524299.9229,191038.6267,1.2,3.1
2245,2019-05-05 01:00:00,2020-01-11 13:56:00,1.549,-2.212,-4.254,Network Based Calibration,NA,2020-01-11 13:56:00,2245,2019-05-05 01:00:00,2019-05-03 10:00:00,2020-01-11 13:56:00,NA,1,2019-12-06 05:57:00,2020-01-11 13:57:00,NA,NA,0,NA,NA,NA,NA,5042,83.51,41.52,5,H1000,Camden,Great Ormond St Hospital,Roadside,Hospital ,Yes,51.52188,-0.120434,530499.4261,182002.3181,2.5,2.8
3245,2018-10-04 18:00:00,2020-01-12 23:59:00,1.818,-5.213,-10.025,Gold Pod Colocation,NA,NA,3245,2018-09-04 18:00:00,2018-10-04 18:00:00,NA,NA,0,NA,NA,NA,NA,0,NA,NA,NA,NA,11126,99.63,35.72,3,74,Camden,Savernake Road,Urban Background,School,No,51.5554849,-0.1523385,528191.724,185682.9587,5,2.297
5245,2018-11-26 10:00:00,2020-01-12 23:59:00,1.476,-0.83,-1.596,Network Based Calibration,NA,NA,5245,2018-09-01 01:00:00,2018-11-26 10:00:00,NA,NA,0,NA,NA,NA,NA,0,NA,NA,NA,NA,9675,97.71,43.53,0,71,Wandsworth,Garrett Lane,Kerbside,Individual ,No,51.440399,-0.186775,526117.9944,172825.4459,1,3.445
6245,2019-01-11 14:45:00,2020-01-12 23:59:00,1.262,0.429,0.825,Network Based Calibration,2019-01-11 14:45:00,NA,6245,2018-09-01 01:00:00,2018-11-27 10:00:00,2019-01-11 14:45:00,NA,1,2018-12-20 13:45:00,2019-01-09 16:15:00,NA,NA,0,NA,NA,NA,NA,8771,99.75,42.59,0,68,Hounslow,Hanworth Road,Kerbside,,No,51.468625,-0.35977,514028.3706,175680.7242,1.2,3.2
8245,2019-03-11 15:00:00,2020-01-12 23:59:00,1.507,-3.837,-7.379,Gold Pod Colocation,NA,NA,8245,2019-03-11 15:00:00,2018-10-05 12:00:00,NA,NA,0,NA,NA,NA,NA,0,NA,NA,NA,NA,7364,99.82,31.7,3,48,Southwark,Geraldine Street,Urban Background,School,Yes,51.49562,-0.105412,531617.1416,179108.998,21,2.225
9245,2019-04-04 07:00:00,2020-01-12 23:59:00,1.491,-0.783,-1.506,Gold Pod Colocation,2018-12-15 16:45:00,NA,9245,2019-04-04 07:00:00,2019-02-20 16:00:00,2018-12-15 16:45:00,NA,0,NA,NA,NA,NA,0,NA,NA,NA,NA,6800,99.85,53.14,25,45,Westminster,Whitehall,Kerbside,,Yes,51.504566,-0.126167,530148.4296,180066.3016,1.2,2.9
10245,2019-04-09 15:00:00,2020-01-12 23:59:00,1.714,-5.445,-10.471,Gold Pod Colocation,2018-11-22 14:45:00,NA,10245,2019-04-09 15:00:00,2019-04-09 15:00:00,2018-11-22 14:45:00,NA,0,NA,NA,NA,NA,0,NA,NA,NA,NA,6671,99.84,47.15,0,53,Southwark,Borough High Street,Roadside,,Yes,51.506131,-0.088654,532747.5427,180309.9732,3,5
11245,2019-04-05 03:00:00,2020-01-12 23:59:00,1.343,-0.323,-0.621,Gold Pod Colocation,NA,NA,11245,2019-04-05 03:00:00,2018-10-09 11:00:00,NA,NA,0,NA,NA,NA,NA,0,NA,NA,NA,NA,6683,98.42,35.64,0,7,Kensington & Chelsea,Cadogan Gardens,Roadside,School,No,51.493217,-0.158772,527919.9752,178747.2644,2.3,1.762
12245,2018-10-09 13:00:00,2020-01-12 23:59:00,2.092,-5.96,-11.462,Network Based Calibration,NA,NA,12245,2018-09-01 01:00:00,2018-10-09 13:00:00,NA,NA,0,NA,NA,NA,NA,0,NA,NA,NA,NA,10789,97.62,43.49,1,613,Barnet,Pattison Road,Urban Background,Individual ,No,51.560877,-0.195749,525167.0635,186206.4587,8.3,1.75
13245,2018-10-18 13:00:00,2020-01-12 23:59:00,1.457,2.3,4.423,Network Based Calibration,NA,NA,13245,2018-09-01 01:00:00,2018-10-18 13:00:00,NA,NA,0,NA,NA,NA,NA,0,NA,NA,NA,NA,9320,86.01,40.41,0,503,Tower Hamlets,Hunslett Street,Urban Background,School,No,51.529308,-0.048721,535452.3321,182958.5548,2,2
15245,2018-10-25 07:00:00,2020-01-12 23:59:00,1.655,-4.359,-8.383,Gold Pod Colocation,NA,NA,15245,2018-09-01 01:00:00,2018-10-25 07:00:00,NA,NA,0,NA,NA,NA,NA,0,NA,NA,NA,NA,8854,82.95,46.62,1,23,Islington,Caledonian Road,Kerbside,,No,51.550067,-0.117987,530585.3666,185137.5427,2.3,3.1
16245,2019-03-08 14:00:00,2020-01-12 23:59:00,1.362,0.22,0.423,Gold Pod Colocation,NA,NA,16245,2019-03-08 14:00:00,2018-10-04 11:00:00,NA,NA,1,2020-01-09 10:45:00,2020-01-17 23:00:00,NA,NA,0,NA,NA,NA,NA,6592,88.48,34.41,0,5,Kensington & Chelsea,Kensington Church Walk,Urban Background,School,No,51.501862,-0.19241,525561.1801,179650.4321,9,1.525
17245,2019-04-11 13:00:00,2020-01-12 23:59:00,1.53,-3.91,-7.519,Network Based Calibration,NA,NA,17245,2019-02-28 00:00:00,2019-04-11 13:00:00,NA,NA,0,NA,NA,NA,NA,0,NA,NA,NA,NA,6468,97.47,45.76,0,75,Islington,Holloway Road,Roadside,,No,51.555387,-0.116092,530700.6533,185732.4358,2,2.5
18245,2019-03-08 12:15:00,2020-01-12 23:59:00,1.266,0.402,0.773,Network Based Calibration,NA,NA,18245,2019-03-08 12:15:00,2018-11-01 00:00:00,NA,NA,1,2019-12-20 14:32:00,2020-01-17 23:00:00,NA,NA,0,NA,NA,NA,NA,6863,92.1,46.66,2,62,Kingston,London Road,Kerbside,,No,51.410714,-0.296626,518563.8152,169340.8706,1,3.25
19245,2018-09-28 16:00:00,2020-01-12 23:59:00,1.264,0.125,0.24,Gold Pod Colocation,NA,NA,19245,2018-09-01 01:00:00,2018-09-28 16:00:00,NA,NA,0,NA,NA,NA,NA,0,NA,NA,NA,NA,11194,98.95,32.56,0,27,Tower Hamlets,Mansford Street,Urban Background,School,No,51.528757,-0.061823,534545.1839,182873.1272,2,11
20245,2019-04-05 01:00:00,2020-01-12 23:59:00,1.533,-2.716,-5.223,Gold Pod Colocation,NA,NA,20245,2019-04-05 01:00:00,2018-10-03 21:00:00,NA,NA,1,2019-12-21 11:16:00,2020-01-17 23:00:00,NA,NA,0,NA,NA,NA,NA,6227,91.68,36.2,0,596,Camden,Albert Street,Roadside,,No,51.536271,-0.143525,528859.4172,183562.4421,3.6,3.658
21245,2018-10-18 13:00:00,2020-01-12 23:59:00,1.49,1.45,2.788,Network Based Calibration,NA,NA,21245,2018-09-01 01:00:00,2018-10-18 13:00:00,NA,NA,0,NA,NA,NA,NA,1,2019-02-13 01:00:00,2019-04-09 10:50:00,NA,NA,9195,96.72,43.5,0,637,Barking & Dagenham,Wood Lane,Kerbside,,No,51.561372,0.148582,549034.541,186905.1839,1,3
22245,2018-10-02 12:00:00,2020-01-12 23:59:00,1.363,-6.987,-13.437,Gold Pod Colocation,NA,NA,22245,2018-09-01 01:00:00,2018-10-02 12:00:00,NA,NA,0,NA,NA,NA,NA,1,2019-01-28 00:00:00,2019-02-05 11:00:00,NA,NA,10828,96.5,33.89,0,50,Southwark,Blackfriars Road,Kerbside,,Yes,51.505529,-0.104345,531657.8302,180212.8254,0.5,2.457
24245,2019-07-21 14:58:00,2020-01-12 23:59:00,1.193,1.06,2.038,Network Based Calibration,2019-07-21 14:58:00,NA,24245,2019-03-15 12:00:00,2019-07-17 12:00:00,2019-07-21 14:58:00,NA,0,NA,NA,NA,NA,0,NA,NA,NA,NA,4194,99.62,46.49,0,55,City of London,Farringdon Street,Kerbside,,Yes,51.514743,-0.104526,531621.6893,181237.126,1.5,1.5
25245,2018-09-27 09:00:00,2020-01-12 23:59:00,1.484,-3.651,-7.021,Network Based Calibration,NA,NA,25245,2018-09-01 01:00:00,2018-09-27 09:00:00,NA,NA,0,NA,NA,NA,NA,1,2018-10-24 14:00:00,2018-10-24 15:00:00,NA,NA,9653,85.09,43.24,1,36,Camden,Laystall St,Roadside,School,Yes,51.522514,-0.112014,531087.6619,182085.6874,2,3
27245,2019-04-01 15:15:00,2020-01-12 23:59:00,1.105,2.755,5.298,Gold Pod Colocation,2019-04-01 15:15:00,NA,27245,2019-03-30 14:45:00,2018-10-03 13:00:00,2019-04-01 15:15:00,NA,1,2019-03-19 23:00:00,2019-03-30 15:45:00,NA,NA,0,NA,NA,NA,NA,6846,99.6,31.87,0,527,Wandsworth,St Anns Hill,Roadside,School,No,51.456143,-0.18927,525904.8363,174571.6912,4.2,2.145
28245,2018-10-30 12:00:00,2020-01-12 23:59:00,1.188,3.969,7.633,Network Based Calibration,NA,NA,28245,2018-09-01 01:00:00,2018-10-30 12:00:00,NA,NA,0,NA,NA,NA,NA,1,2019-01-11 01:00:00,2019-02-04 15:00:00,NA,NA,8515,85.51,37.8,4,21,Haringey,Markfield Road,Kerbside,,No,51.583916,-0.064269,534213.1826,189002.5014,1.1,3.24
29245,2019-01-11 15:00:00,2020-01-12 23:59:00,1.554,-1.011,-1.944,Gold Pod Colocation,2019-01-11 15:00:00,NA,29245,2018-09-01 01:00:00,2018-10-05 10:00:00,2019-01-11 15:00:00,NA,1,2018-12-19 09:15:00,2019-01-09 16:30:00,NA,NA,0,NA,NA,NA,NA,8758,99.6,38.69,1,2,Kensington & Chelsea,Crowthorne Road,Roadside,School,No,51.516554,-0.218503,523710.4458,181239.8547,0.9,3.353
30245,2019-03-15 11:00:00,2020-01-12 23:59:00,1.637,-4.37,-8.404,Gold Pod Colocation,NA,NA,30245,2019-03-15 11:00:00,2018-10-04 14:00:00,NA,NA,0,NA,NA,NA,NA,0,NA,NA,NA,NA,7234,99.3,31.52,0,12,Lambeth,Stockwell Road,Roadside,School,No,51.466706,-0.117473,530863.915,175873.2441,5,2.286
31245,2018-10-11 16:00:00,2020-01-12 23:59:00,1.361,-2.198,-4.227,Gold Pod Colocation,NA,NA,31245,2018-09-01 01:00:00,2018-10-11 16:00:00,NA,NA,0,NA,NA,NA,NA,0,NA,NA,NA,NA,10964,99.66,44.71,1,52,Southwark,Tower Bridge Road,Roadside,School,Yes,51.501965,-0.077592,533524.4056,179865.6484,3.3,2.945
32245,2018-11-01 09:00:00,2020-01-12 23:59:00,1.442,-4.214,-8.104,Gold Pod Colocation,2018-11-01 09:00:00,NA,32245,2018-09-01 01:00:00,2018-10-31 11:00:00,2018-11-01 09:00:00,NA,0,NA,NA,NA,NA,1,2019-07-24 02:00:00,2019-08-02 11:00:00,NA,NA,8897,86.56,40.01,0,554,Enfield,Southbury Road,Kerbside,,No,51.649088,-0.054961,534664.6639,196264.8456,1.1,3.1
33245,2019-09-17 13:00:00,2020-01-12 23:59:00,1.293,0.941,1.81,Network Based Calibration,2018-10-06 07:30:00,NA,33245,2019-04-05 01:00:00,2019-09-17 13:00:00,2018-10-06 07:30:00,NA,0,NA,NA,NA,NA,0,NA,NA,NA,NA,2819,99.97,38.74,0,712,Islington,Pemberton Gardens,Urban Background,,No,51.562469,-0.132545,529542.5915,186496.8159,0.3,3
34245,2018-10-16 15:00:00,2020-01-12 23:59:00,1.546,-6.712,-12.908,Gold Pod Colocation,2018-10-05 16:30:00,NA,34245,2018-09-01 01:00:00,2018-10-16 15:00:00,2018-10-05 16:30:00,NA,0,NA,NA,NA,NA,0,NA,NA,NA,NA,10742,98.71,27.84,0,511,Greenwich,Haimo Road,Urban Background,School,No,51.455253,0.040655,541881.0929,174892.7056,5,2
35245,2018-10-18 13:00:00,2020-01-12 23:59:00,1.179,-3.006,-5.781,Gold Pod Colocation,NA,NA,35245,2018-09-01 01:00:00,2018-10-18 13:00:00,NA,NA,0,NA,NA,NA,NA,0,NA,NA,NA,NA,10785,99.53,27.39,0,630,Lambeth,Triangle Adventure Playground,Urban Background,,No,51.481924,-0.115556,530952.2198,177567.7874,6,2.35
36245,2018-12-13 15:00:00,2020-01-12 23:59:00,1.918,-5.19,-9.981,Gold Pod Colocation,2018-12-13 15:00:00,NA,36245,2018-09-01 01:00:00,2018-10-19 14:00:00,2018-12-13 15:00:00,NA,0,NA,NA,NA,NA,1,2020-01-08 02:10:00,2020-01-13 00:00:00,NA,NA,8855,93.32,35.97,0,51,Southwark,Black Horse Court,Kerbside,,Yes,51.496482,-0.088226,532799.2397,179229.1059,0.3,3.1
37245,2018-10-12 12:00:00,2020-01-12 23:59:00,1.593,2.128,4.092,Initial Reference Site Colocation,2018-10-06 10:30:00,NA,37245,2018-09-01 01:00:00,2018-10-12 12:00:00,2018-10-06 10:30:00,NA,0,NA,NA,NA,NA,0,NA,NA,NA,NA,10945,99.67,56.23,0,70,Barking & Dagenham,Station Parade,Kerbside,,No,51.539063,0.080874,544410.2627,184291.0103,1,3.114
38245,2018-10-11 12:00:00,2020-01-12 23:59:00,1.603,-0.228,-0.438,Gold Pod Colocation,NA,NA,38245,2018-09-01 01:00:00,2018-10-11 12:00:00,NA,NA,0,NA,NA,NA,NA,0,NA,NA,NA,NA,10379,94.31,55.39,19,59,Redbridge,Chigwell Road,Roadside,,No,51.595229,0.038207,541270.7546,190456.4922,6,3.023
39245,2019-05-22 17:00:00,2020-01-12 23:59:00,1.644,-4.966,-9.55,Gold Pod Colocation,2018-10-06 07:30:00,NA,39245,2018-09-01 01:00:00,2019-05-22 17:00:00,2018-10-06 07:30:00,NA,0,NA,NA,NA,NA,0,NA,NA,NA,NA,5614,99.4,32.37,0,16,Greenwich,Hendon Street,Urban Background,School,No,51.495027,0.010292,539650.247,179257.2713,0,3
40245,2019-03-02 14:45:00,2020-01-12 23:59:00,1.275,-1.26,-2.423,Gold Pod Colocation,2019-03-02 14:45:00,NA,40245,2018-09-01 01:00:00,2018-10-10 10:00:00,2019-03-02 14:45:00,NA,0,NA,NA,NA,NA,1,2019-04-15 21:00:00,2019-04-15 22:00:00,NA,NA,7287,95.97,32.65,1,615,Islington,Queen Margarets Grove,Urban Background,Individual ,No,51.549215,-0.079761,533241.2495,185115.3176,5.7,2.305
41245,2018-10-10 17:00:00,2020-01-12 23:59:00,1.551,-2.089,-4.017,Gold Pod Colocation,NA,NA,41245,2018-09-01 01:00:00,2018-10-10 17:00:00,NA,NA,0,NA,NA,NA,NA,0,NA,NA,NA,NA,10983,99.63,43.19,2,520,Hammersmith & Fulham,Fulham Palace Road,Roadside,School,No,51.486377,-0.220843,523625.6423,177878.2671,5.7,2.562
42245,2019-02-12 13:00:00,2020-01-12 23:59:00,1.214,-1.088,-2.092,Network Based Calibration,2018-10-05 16:30:00,NA,42245,2018-09-01 01:00:00,2019-02-12 13:00:00,2018-10-05 16:30:00,NA,0,NA,NA,NA,NA,1,2019-08-20 02:00:00,2019-10-17 14:00:00,NA,NA,6445,97.31,47.53,1,72,Newham,Romford Road,Kerbside,,No,51.554615,0.058982,542843.0601,185977.8612,0.5,3.3
42451,2019-02-19 15:00:00,2019-11-05 01:00:00,1.661,-8.998,-17.304,Gold Pod Colocation,2019-01-05 14:45:00,NA,4245,2018-09-01 01:00:00,2019-02-19 15:00:00,2019-01-05 14:45:00,2019-11-05 01:00:00,0,NA,NA,NA,NA,0,NA,NA,NA,NA,5987,96.53,37.8,1,10,Lambeth,Wandsworth Road,Kerbside,,No,51.475735,-0.131209,529881.9791,176852.2693,0.5,3.12
43245,2018-10-12 12:00:00,2020-01-12 23:59:00,1.238,-1.15,-2.212,Gold Pod Colocation,2018-10-06 10:30:00,NA,43245,2018-09-01 01:00:00,2018-10-12 12:00:00,2018-10-06 10:30:00,NA,0,NA,NA,NA,NA,1,2019-01-10 01:00:00,2019-03-06 11:00:00,NA,NA,7153,74.12,36.44,0,576,Lambeth,Durham Street,Urban Background,School,Yes,51.485597,-0.11909,530699.4931,177970.8743,8.5,3.011
44245,2019-04-17 15:59:00,2020-01-12 23:59:00,1.342,-2.286,-4.396,Gold Pod Colocation,2019-04-17 15:59:00,NA,44245,2018-09-01 01:00:00,2018-10-11 11:00:00,2019-04-17 15:59:00,NA,0,NA,NA,NA,NA,0,NA,NA,NA,NA,6477,99.82,40.59,0,56,City of London,West Smithsfield,Kerbside,Hospital ,Yes,51.518921,-0.100905,531861.3897,181710.159,1.5,3.012
45245,2019-02-23 12:30:00,2020-01-12 23:59:00,1.252,1.706,3.281,Network Based Calibration,2019-02-23 12:30:00,NA,45245,2018-09-01 01:00:00,2018-11-01 00:00:00,2019-02-23 12:30:00,NA,1,2018-11-11 14:00:00,2019-02-21 14:00:00,NA,NA,0,NA,NA,NA,NA,7745,99.76,36.93,0,4,Kensington & Chelsea,Ladbroke Grove,Roadside,,No,51.510768,-0.20529,524642.5327,180618.6242,0.4,5.87
46245,2018-10-26 12:00:00,2020-01-12 23:59:00,1.227,0.532,1.023,Network Based Calibration,NA,NA,46245,2018-09-01 01:00:00,2018-10-26 12:00:00,NA,NA,0,NA,NA,NA,NA,0,NA,NA,NA,NA,10441,98.08,39.81,0,6,Kensington & Chelsea,Exhibition Road,Roadside,,No,51.495475,-0.173573,526893.2168,178972.8174,3.1,6.1
47245,2018-10-11 13:00:00,2019-11-16 09:28:00,1.291,-3.295,-6.337,Gold Pod Colocation,NA,2019-11-16 09:28:00,47245,2018-09-01 01:00:00,2018-10-11 13:00:00,2019-11-16 09:28:00,NA,1,2019-11-02 07:45:00,2019-11-16 09:28:00,NA,NA,0,NA,NA,NA,NA,9246,96.1,30.47,0,34,Islington,Whitecross,Urban Background,School,Yes,51.521451,-0.092771,532419.7357,182004.2672,12.4,3.126
48245,2018-10-19 12:00:00,2020-01-12 23:59:00,1.288,-3.889,-7.479,Gold Pod Colocation,NA,NA,48245,2018-09-01 01:00:00,2018-10-19 12:00:00,NA,NA,0,NA,NA,NA,NA,0,NA,NA,NA,NA,10369,95.89,34.85,0,583,Southwark,Peckham Road,Urban Background,School,No,51.474326,-0.078151,533567.022,176786.3635,NA,2.9
49245,2019-07-11 09:59:00,2019-10-06 15:58:00,1.928,-5.545,-10.663,Gold Pod Colocation,2019-07-11 09:59:00,2019-10-06 15:58:00,49245,2018-09-01 01:00:00,2019-02-19 12:00:00,2019-10-06 15:58:00,NA,0,NA,NA,NA,NA,0,NA,NA,NA,NA,1848,88.25,39.71,4,706,Haringey,Ellenborough Road,Urban Background,School,No,51.59906,-0.095201,532026.3828,190630.2976,6.4,3.5
50245,2018-10-17 17:00:00,2020-01-12 23:59:00,1.638,-1.886,-3.627,Gold Pod Colocation,NA,NA,50245,2018-09-01 01:00:00,2018-10-17 17:00:00,NA,NA,0,NA,NA,NA,NA,0,NA,NA,NA,NA,10816,99.63,43.56,0,625,Richmond,Richmond Road,Roadside,,No,51.447883,-0.326007,516424.7435,173428.9835,4.6,5.21
51245,2019-03-08 14:45:00,2020-01-12 23:59:00,1.125,-0.011,-0.021,Gold Pod Colocation,2019-03-08 14:45:00,NA,51245,2018-09-01 01:00:00,2018-10-11 10:00:00,2019-03-08 14:45:00,NA,0,NA,NA,NA,NA,0,NA,NA,NA,NA,6287,84.4,30.76,0,22,Hackney,Lancell Street,Urban Background,School,No,51.5618,-0.07587,533474.2002,186521.9029,22.2,2.943
52245,2018-12-08 09:15:00,2020-01-12 23:59:00,0.987,5.242,10.081,Network Based Calibration,2018-12-08 09:15:00,NA,52245,2018-09-01 01:00:00,2018-10-16 11:00:00,2018-12-08 09:15:00,NA,1,2018-11-08 12:15:00,2018-12-08 10:45:00,NA,NA,0,NA,NA,NA,NA,8920,92.77,33.04,0,506,Wandsworth,Dagnall Street,Urban Background,School,No,51.4738,-0.157493,528063.0973,176590.2608,36.7,3.75
52450,2018-10-09 19:00:00,2018-11-26 01:00:00,1.476,-0.83,-1.596,Network Based Calibration,NA,NA,5245,2018-09-01 01:00:00,2018-10-09 19:00:00,NA,2018-11-26 01:00:00,0,NA,NA,NA,NA,0,NA,NA,NA,NA,1126,99.21,33.1,0,599,Wandsworth,Steerforth Street,Urban Background ,,No,51.438489,-0.187703,526062.2702,172611.2015,2.656,3.445
53245,2018-10-17 11:00:00,2020-01-12 23:59:00,1.477,-0.467,-0.898,Gold Pod Colocation,2018-10-06 07:30:00,NA,53245,2018-09-01 01:00:00,2018-10-17 11:00:00,2018-10-06 07:30:00,NA,0,NA,NA,NA,NA,0,NA,NA,NA,NA,10522,96.87,39.57,8,519,Tower Hamlets,Devas Street,Urban Background,School,No,51.523099,-0.012704,537967.7461,182340.7169,12,2
54245,2018-10-10 12:00:00,2020-01-12 23:59:00,1.247,-2.177,-4.187,Gold Pod Colocation,NA,NA,54245,2018-09-01 01:00:00,2018-10-10 12:00:00,NA,NA,0,NA,NA,NA,NA,0,NA,NA,NA,NA,10808,98,59.87,141,87,Islington,Holloway Bus Garage,Roadside,,No,51.561917,-0.132947,529517.7305,186432.3744,2.1,2.581
55245,2018-12-17 12:00:00,2020-01-12 23:59:00,1.636,-2.241,-4.31,Gold Pod Colocation,NA,NA,55245,2018-09-01 01:00:00,2018-12-17 12:00:00,NA,NA,0,NA,NA,NA,NA,0,NA,NA,NA,NA,9337,99.37,41.4,0,510,Richmond,Upper Richmond Road,Roadside,School,No,51.465116,-0.254736,521332.7818,175460.2846,4,3
56245,2018-10-17 13:00:00,2020-01-12 23:59:00,1.704,-3.63,-6.981,Gold Pod Colocation,2018-10-06 07:30:00,NA,56245,2018-09-01 01:00:00,2018-10-17 13:00:00,2018-10-06 07:30:00,NA,0,NA,NA,NA,NA,0,NA,NA,NA,NA,10796,99.41,37.46,4,501,Ealing,The Vale,Urban Background,School,No,51.506679,-0.262782,520664.3328,180059.5757,10,3.5
57245,2018-10-18 17:00:00,2019-12-14 17:50:00,1.141,1.724,3.315,Gold Pod Colocation,NA,2019-12-14 17:50:00,57245,2018-09-01 01:00:00,2018-10-18 17:00:00,2019-12-14 17:50:00,NA,1,2019-12-06 00:49:00,2019-12-14 17:51:00,NA,NA,0,NA,NA,NA,NA,8752,86.4,28.91,0,47,Lambeth,Lollard Street,Urban Background,,Yes,51.492714,-0.114098,531022.5457,178770.2733,10,2
58245,2018-10-19 12:00:00,2020-01-12 23:59:00,1.393,-1.648,-3.169,Initial Reference Site Colocation,2018-10-13 16:30:00,NA,58245,2018-09-01 01:00:00,2018-10-19 12:00:00,2018-10-13 16:30:00,NA,0,NA,NA,NA,NA,0,NA,NA,NA,NA,10533,97.41,30.4,0,65,Bexley,Woolwich Road,Roadside,,No,51.481228,0.126787,547779.3037,177953.2716,1,4.5
59245,2019-03-20 15:00:00,2020-01-11 13:57:00,1.319,-2.078,-3.996,Gold Pod Colocation,2018-10-13 17:30:00,2020-01-11 13:57:00,59245,2019-03-20 00:00:00,2019-03-20 15:00:00,2020-01-11 13:57:00,NA,1,2019-12-22 00:03:00,2020-01-11 13:58:00,NA,NA,0,NA,NA,NA,NA,6582,92.35,44.44,14,595,Westminster,Drury Lane,Urban Background,School,Yes,51.513472,-0.119223,530605.4581,181065.6835,7,3
60245,2018-10-19 12:00:00,2020-01-12 23:59:00,1.027,0.24,0.462,Initial Reference Site Colocation,2018-10-13 16:30:00,NA,60245,2018-09-01 01:00:00,2018-10-19 12:00:00,2018-10-13 16:30:00,NA,0,NA,NA,NA,NA,1,2018-10-01 01:00:00,2018-12-07 11:00:00,NA,NA,9614,88.91,42,0,13,Southwark,Camberwell Road,Kerbside,,No,51.475739,-0.093557,532495.9891,176918.9231,0.7,3.1
61245,2019-03-16 00:00:00,2020-01-12 23:59:00,1.396,-0.262,-0.504,Network Based Calibration,2018-11-01 10:45:00,NA,61245,2019-03-16 00:00:00,2019-01-22 12:00:00,2018-11-01 10:45:00,NA,0,NA,NA,NA,NA,0,NA,NA,NA,NA,7129,98.03,48.01,0,69,Brent,High Road,Kerbside,,No,51.551997,-0.299651,517988.605,185047.4078,1,3
62245,2019-03-08 10:45:00,2020-01-12 23:59:00,1.153,1.756,3.377,Gold Pod Colocation,2019-03-08 10:45:00,NA,62245,2018-09-01 01:00:00,2018-10-23 15:00:00,2019-03-08 10:45:00,NA,1,2018-11-06 19:30:00,2018-11-30 17:45:00,NA,NA,0,NA,NA,NA,NA,7410,99.42,33.82,0,539,Barnet,Hendon Way,Urban Background,School,No,51.571687,-0.210037,524142.974,187382.4249,10.6,4.86
63245,2018-10-15 18:00:00,2019-12-12 23:41:00,1.415,-1.332,-2.562,Gold Pod Colocation,NA,2019-12-12 23:41:00,63245,2018-09-01 01:00:00,2018-10-15 18:00:00,2019-12-12 23:41:00,NA,1,2019-11-26 21:47:00,2019-12-12 23:42:00,NA,NA,1,2018-12-12 16:00:00,2018-12-12 17:00:00,NA,NA,9065,89.23,35.19,0,523,Redbridge,Oakdale Road,Urban Background,School,No,51.592485,0.033284,540944.9368,190138.8431,1.5,2.965
64245,2018-12-22 13:00:00,2020-01-12 23:59:00,1.252,0.917,1.763,Gold Pod Colocation,2018-12-22 13:00:00,NA,64245,2018-09-01 01:00:00,2018-10-16 10:00:00,2018-12-22 13:00:00,NA,1,2018-12-02 18:30:00,2018-12-22 14:30:00,NA,NA,0,NA,NA,NA,NA,8928,96.26,32.5,0,639,Tower Hamlets,Morpeth Street,Roadside,School,No,51.527588,-0.047295,535556.3458,182769.925,2,2
65245,2019-01-22 12:00:00,2020-01-12 23:59:00,1.133,-1.096,-2.108,Gold Pod Colocation,2018-12-16 17:00:00,NA,65245,2018-09-01 01:00:00,2019-01-22 12:00:00,2018-12-16 17:00:00,NA,1,2018-11-28 09:00:00,2018-12-16 18:30:00,NA,NA,1,2018-10-01 01:00:00,2018-11-28 23:00:00,NA,NA,7619,89.3,38.49,0,39,Westminster,Edgware Road,Kerbside,,No,51.51419,-0.161979,527638.7888,181073.9487,0.3,3.1
66245,2018-10-16 14:00:00,2019-11-19 08:59:00,1.894,-3.126,-6.012,Gold Pod Colocation,NA,2019-11-19 08:59:00,66245,2018-09-01 01:00:00,2018-10-16 14:00:00,2019-11-19 08:59:00,NA,1,2019-11-01 17:37:00,2019-11-19 09:00:00,NA,NA,0,NA,NA,NA,NA,9113,95.2,43.87,1,628,Tower Hamlets,Columbia Road,Urban Background,School,No,51.528491,-0.074268,533682.7495,182820.7544,15.6,2.6
67245,2019-04-17 15:59:00,2019-12-06 16:58:00,1.167,-1.12,-2.154,Gold Pod Colocation,2019-04-17 15:59:00,2019-12-06 16:58:00,67245,2018-09-01 01:00:00,2018-10-17 11:00:00,2019-12-06 16:58:00,NA,1,2019-11-24 11:53:00,2019-12-05 15:58:00,NA,NA,0,NA,NA,NA,NA,4739,84.72,24.45,0,621,Ealing,Wyndham Road,Urban Background,School,No,51.50061,-0.320726,516658.6329,179299.094,NA,2.866
68245,2018-11-02 00:00:00,2020-01-12 23:59:00,1.224,0.683,1.313,Network Based Calibration,NA,NA,68245,2018-09-01 01:00:00,2018-11-02 00:00:00,NA,NA,0,NA,NA,NA,NA,0,NA,NA,NA,NA,10465,99.78,38.25,0,1,Hammersmith & Fulham,Blomfontein Road,Roadside,,No,51.514071,-0.235418,522540.6188,180934.6,0.25,3.5
69245,2018-10-18 15:00:00,2020-01-12 23:59:00,1.217,-3.191,-6.137,Gold Pod Colocation,NA,NA,69245,2018-09-01 01:00:00,2018-10-18 15:00:00,NA,NA,0,NA,NA,NA,NA,0,NA,NA,NA,NA,10796,99.65,27.78,0,536,Hounslow,Devonshire Street,Urban Background,School,No,51.488199,-0.255688,521205.6051,178024.4867,NA,2.126
70245,2018-12-22 12:45:00,2020-01-12 23:59:00,1.118,2.384,4.585,Gold Pod Colocation,2018-12-22 12:45:00,NA,70245,2018-09-01 01:00:00,2018-10-26 09:00:00,2018-12-22 12:45:00,NA,1,2018-12-02 06:45:00,2018-12-22 14:15:00,NA,NA,0,NA,NA,NA,NA,9257,99.8,29.71,0,529,Lewisham,St James,Urban Background,School,No,51.474143,-0.038547,536322.4045,176842.9629,NA,2.13
71245,2018-10-16 15:00:00,2020-01-12 23:59:00,1.597,-1.953,-3.756,Gold Pod Colocation,NA,NA,71245,2018-09-01 01:00:00,2018-10-16 15:00:00,NA,NA,0,NA,NA,NA,NA,0,NA,NA,NA,NA,10834,99.56,37.66,5,627,Tower Hamlets,Beaumont Grove,Urban Background,School,No,51.521004,-0.046559,535626.9439,182039.1302,NA,2.767
72245,2019-02-13 12:00:00,2020-01-12 23:59:00,1.309,-5.06,-9.731,Gold Pod Colocation,NA,NA,72245,2018-09-01 01:00:00,2019-02-13 12:00:00,NA,NA,0,NA,NA,NA,NA,0,NA,NA,NA,NA,7980,99.7,32.77,1,8,Westminster,Marylebone,Roadside,,Yes,51.52304,-0.174732,526729.3718,182035.9607,1.4,3
72450,2018-09-20 13:00:00,2020-01-12 23:59:00,1.256,-2.749,-5.287,Gold Pod Colocation,NA,NA,7245,2018-09-20 13:00:00,2018-09-20 13:00:00,NA,2020-01-13 01:00:00,0,NA,NA,NA,NA,0,NA,NA,NA,NA,11472,99.69,48.68,3,CFD3,Greenwich,Greenwich Church Street,Kerbside,,No,51.4813,-0.00986,538290.7319,177691.8136,0.5,3
73245,2018-10-24 19:00:00,2020-01-12 23:59:00,1.084,-1.605,-3.087,Network Based Calibration,NA,NA,73245,2018-09-01 01:00:00,2018-10-24 19:00:00,NA,NA,0,NA,NA,NA,NA,0,NA,NA,NA,NA,9703,90.8,53.67,7,624,Richmond,Kew Road,Kerbside,,No,51.46394,-0.301597,518077.961,175253.8869,1,3.03
74245,2019-09-17 13:00:00,2020-01-12 23:59:00,1.323,1.5,2.885,Network Based Calibration,NA,NA,74245,2018-09-01 01:00:00,2019-09-17 13:00:00,NA,NA,0,NA,NA,NA,NA,0,NA,NA,NA,NA,2606,92.41,43.44,0,7111,Islington,Monnery Road,Kerbside,,No,51.560567,-0.135615,529335.1277,186283.8592,0.1,3.1
75245,2019-11-19 08:59:00,2020-01-12 23:59:00,1.231,3.999,7.69,Network Based Calibration,2019-11-19 08:59:00,NA,75245,2018-09-01 01:00:00,2018-10-24 13:00:00,2019-11-19 08:59:00,NA,1,2019-11-02 12:10:00,2019-11-19 09:00:00,NA,NA,0,NA,NA,NA,NA,950,72.46,30.42,0,636,Sutton,Robin Hood Health Centre,Roadside,GP Surgery,No,51.362842,-0.196908,525629.4403,164183.2753,1.5,2.9
76245,2018-10-24 15:00:00,2020-01-12 23:59:00,1.371,-2.816,-5.415,Network Based Calibration,NA,NA,76245,2018-09-01 01:00:00,2018-10-24 15:00:00,NA,NA,0,NA,NA,NA,NA,0,NA,NA,NA,NA,10664,99.76,48.24,0,64,Wandsworth,Roehampton Lane,Roadside,,No,51.455096,-0.243402,522142.84,174364.5799,1.7,3.3
77245,2019-03-13 11:30:00,2020-01-12 23:59:00,1.147,1.21,2.327,Gold Pod Colocation,2018-12-13 14:45:00,NA,77245,2019-03-13 11:30:00,2019-02-05 14:00:00,2018-12-13 14:45:00,NA,2,2018-11-29 13:00:00,2018-12-13 16:15:00,2019-12-22 02:43:00,2020-01-17 23:00:00,0,NA,NA,NA,NA,6490,88.51,34.57,0,632,Lambeth,Cornwall Road,Kerbside,,Yes,51.506643,-0.112107,531120.8062,180322.7835,1,3
78245,2018-10-24 16:00:00,2020-01-12 23:59:00,1.363,3.13,6.019,Initial Reference Site Colocation,2018-10-20 15:30:00,NA,78245,2018-09-01 01:00:00,2018-10-24 16:00:00,2018-10-20 15:30:00,NA,0,NA,NA,NA,NA,1,2018-10-01 01:00:00,2019-02-08 12:00:00,NA,NA,8111,75.88,45.7,0,24,Hackney,Cecilia Road,Roadside,,No,51.54989,-0.06836,534032.0795,185211.4701,0.3,3.5
80245,2018-11-29 10:00:00,2020-01-12 23:59:00,1.347,-1.091,-2.098,Network Based Calibration,NA,NA,80245,2018-09-01 01:00:00,2018-11-29 10:00:00,NA,NA,0,NA,NA,NA,NA,0,NA,NA,NA,NA,8656,88.06,41.48,1,26,Hackney,Ballance Road,Roadside,,No,51.5456,-0.03614,536276.3304,184793.6152,0.3,3.3
81245,2018-10-27 07:45:00,2020-01-12 23:59:00,1.056,-1.545,-2.971,Gold Pod Colocation,2018-10-27 07:45:00,NA,81245,2018-09-01 01:00:00,2018-10-23 09:00:00,2018-10-27 07:45:00,NA,0,NA,NA,NA,NA,0,NA,NA,NA,NA,10334,97.26,25.35,0,568,Havering,Bonington Road,Urban Background,School,No,51.544414,0.21182,553472.6492,185152.4722,10.3,3.02
82245,2018-11-02 00:00:00,2020-01-12 23:59:00,1.538,1.136,2.185,Initial Reference Site Colocation,2018-10-20 16:30:00,NA,82245,2018-09-01 01:00:00,2018-11-02 00:00:00,2018-10-20 16:30:00,NA,0,NA,NA,NA,NA,0,NA,NA,NA,NA,9884,94.24,42.51,1,78,Camden,Haverstock Hill,Roadside,,No,51.549012,-0.162351,527513.696,184943.6321,1.3,3.2
83245,2019-05-02 13:00:00,2020-01-12 23:59:00,0.981,4.506,8.665,Network Based Calibration,2018-12-14 13:15:00,NA,83245,2018-09-01 01:00:00,2019-05-02 13:00:00,2018-12-14 13:15:00,NA,1,2018-12-02 13:30:00,2018-12-14 14:45:00,NA,NA,1,2018-10-01 01:00:00,2019-02-08 10:00:00,NA,NA,6117,99.76,32.95,0,73,Southwark,Brook Drive,Urban Background,,Yes,51.493213,-0.101559,531889.3517,178848.6112,20,2.5
84245,2018-10-19 08:00:00,2020-01-12 23:59:00,1.272,-3.342,-6.427,Gold Pod Colocation,2018-10-16 09:30:00,NA,84245,2018-09-01 01:00:00,2018-10-19 08:00:00,2018-10-16 09:30:00,NA,0,NA,NA,NA,NA,0,NA,NA,NA,NA,10778,99.64,35.98,0,545,Islington,Cowcross Street,Urban Background,,Yes,51.52011,-0.103411,531685.5317,181837.5298,3.6,13.7
85245,2019-04-24 14:00:00,2020-01-12 23:59:00,1.448,-3.458,-6.65,Gold Pod Colocation,2018-11-03 06:15:00,NA,85245,2018-09-01 01:00:00,2019-04-24 14:00:00,2018-11-03 06:15:00,NA,0,NA,NA,NA,NA,0,NA,NA,NA,NA,6308,99.76,66.45,12,54,City of London,Bank Junction,Kerbside,,Yes,51.513206,-0.088786,532723.9742,181095.3152,1,3.18
86245,2019-03-01 11:15:00,2020-01-12 23:59:00,1.268,-2.803,-5.39,Gold Pod Colocation,NA,NA,86245,2019-03-01 11:15:00,2018-10-23 10:00:00,NA,NA,0,NA,NA,NA,NA,0,NA,NA,NA,NA,7613,99.9,51.54,6,32,Tower Hamlets,Commercial Street,Kerbside,,Yes,51.518123,-0.074271,533711.1536,181667.1106,0.3,3.1
87245,2019-07-17 13:00:00,2019-12-11 19:54:00,1.418,1.935,3.721,Network Based Calibration,NA,2019-12-11 19:54:00,87245,2019-03-11 15:30:00,2019-07-17 13:00:00,2019-12-11 19:54:00,NA,1,2019-11-24 14:52:00,2019-12-11 19:54:00,NA,NA,1,2019-09-25 02:00:00,2019-10-16 10:00:00,NA,NA,2482,82.08,42.55,0,513,Islington,St John's Upper Holloway CE Primary School,Urban Background,School,No,51.5625154,-0.132866,529529.6844,186496.3009,NA,3.1
88245,2018-11-06 12:45:00,2020-01-12 23:59:00,1.455,-0.397,-0.763,Gold Pod Colocation,2018-11-06 12:45:00,NA,88245,2018-09-01 01:00:00,2018-10-29 12:00:00,2018-11-06 12:45:00,NA,0,NA,NA,NA,NA,0,NA,NA,NA,NA,10357,99.79,60.49,14,33,City of London,London Wall,Kerbside,,Yes,51.516749,-0.085342,532948.3917,181494.0067,0.3,3.03
89245,2019-01-22 13:00:00,2020-01-12 23:59:00,1.161,-0.179,-0.344,Gold Pod Colocation,NA,NA,89245,2018-09-01 01:00:00,2019-01-22 13:00:00,NA,NA,0,NA,NA,NA,NA,0,NA,NA,NA,NA,8507,99.72,48.69,8,41,Westminster,Park Lane,Kerbside,,Yes,51.507988,-0.153446,528246.8372,180398.761,0.1,3.3
90245,2019-03-02 10:45:00,2020-01-12 23:59:00,1.179,3.639,6.998,Network Based Calibration,2019-03-02 10:45:00,NA,90245,2018-09-01 01:00:00,2019-02-27 15:00:00,2019-03-02 10:45:00,NA,0,NA,NA,NA,NA,0,NA,NA,NA,NA,7589,99.89,45.94,0,OZ7,Bexley,Broadway Street,Roadside,,No,51.45788,0.135353,548452.1375,175376.2589,0.46,3.5
92245,2018-10-23 09:00:00,2020-01-12 23:59:00,1.384,3.568,6.862,Network Based Calibration,NA,NA,92245,2018-09-01 01:00:00,2018-10-23 09:00:00,NA,NA,0,NA,NA,NA,NA,0,NA,NA,NA,NA,9340,87.13,48.57,0,OZ2,Hillingdon,High Street,Roadside,,No,51.574253,-0.41358,510034.4261,187343.6198,2.3,7.122
95245,2019-03-05 10:30:00,2020-01-12 23:59:00,1.463,-2.884,-5.546,Gold Pod Colocation,2019-03-05 10:30:00,NA,95245,2018-09-01 01:00:00,2019-02-06 12:00:00,2019-03-05 10:30:00,NA,1,2018-11-28 12:00:00,2019-03-03 12:00:00,NA,NA,1,2019-05-08 02:00:00,2019-05-30 13:00:00,NA,NA,6077,86.98,34.55,0,63,Merton,Parkside,Kerbside,,No,51.426126,-0.222013,523711.065,171177.9655,1,2.93
96245,2019-04-17 15:59:00,2020-01-12 23:59:00,1.595,-4.187,-8.052,Gold Pod Colocation,2019-04-17 15:59:00,NA,96245,2018-09-01 01:00:00,2019-01-09 12:00:00,2019-04-17 15:59:00,NA,0,NA,NA,NA,NA,0,NA,NA,NA,NA,6438,99.21,42.14,0,30,Islington,Rosebery Avenue,Roadside,,Yes,51.52844,-0.10692,531418.061,182755.9797,0.3,3.23
98245,2019-03-04 12:00:00,2020-01-12 23:59:00,1.476,-1.655,-3.183,Network Based Calibration,NA,NA,98245,2018-09-01 01:00:00,2019-03-04 12:00:00,NA,NA,0,NA,NA,NA,NA,0,NA,NA,NA,NA,7292,96.61,43.34,0,OZ5,Enfield,Hertford Road,Kerbside,,No,51.673753,-0.038301,535739.7371,199042.3058,0.2,3.19
100245,2018-10-15 21:00:00,2019-12-06 11:59:00,1.485,2.384,4.585,Network Based Calibration,NA,2019-12-06 11:59:00,100245,2018-09-01 01:00:00,2018-10-15 21:00:00,2019-12-06 11:59:00,NA,1,2019-11-26 17:34:00,2019-12-06 11:59:00,NA,NA,1,2019-03-12 01:00:00,2019-05-01 16:00:00,NA,NA,8497,96.71,34.86,3,OZ1,Richmond,National Physical Laboratory,Urban Background,,No,51.42661,-0.345043,515156.7986,171031.4442,4,3
172450,2019-02-28 00:00:00,2019-04-10 02:00:00,1.53,-3.91,-7.519,Network Based Calibration,NA,NA,17245,2019-02-28 00:00:00,2018-09-27 11:00:00,NA,2019-04-10 02:00:00,0,NA,NA,NA,NA,0,NA,NA,NA,NA,827,83.96,40.14,0,83,Westminster,Clifford Street,Urban Background ,,Yes,51.51092,-0.141896,529041.4826,180745.5001,2,20
332450,2019-04-05 01:00:00,2019-07-24 02:00:00,1.293,0.941,1.81,Network Based Calibration,2018-10-06 07:30:00,NA,33245,2019-04-05 01:00:00,2018-10-16 17:00:00,2018-10-06 07:30:00,2019-07-24 02:00:00,0,NA,NA,NA,NA,0,NA,NA,NA,NA,2588,97.99,31.97,0,623,Westminster,Churchill Gardens Road,Urban Background ,Individual ,No,51.486223,-0.14503,528893.6111,177993.5895,10.5,19.5
332451,2019-09-03 13:00:00,2019-09-17 02:00:00,1.293,0.941,1.81,Network Based Calibration,2018-10-06 07:30:00,NA,33245,2019-04-05 01:00:00,2019-09-03 13:00:00,2018-10-06 07:30:00,2019-09-17 02:00:00,0,NA,NA,NA,NA,0,NA,NA,NA,NA,321,98.77,33.09,0,75,Islington,Holloway Road,Roadside,,No,51.555387,-0.116092,530700.6533,185732.4358,2,2.5
392450,2018-10-24 11:00:00,2019-03-08 01:00:00,1.644,-4.966,-9.55,Gold Pod Colocation,2018-10-06 07:30:00,NA,39245,2018-09-01 01:00:00,2018-10-24 11:00:00,2018-10-06 07:30:00,2019-03-08 01:00:00,0,NA,NA,NA,NA,0,NA,NA,NA,NA,3223,99.75,34.28,0,16,Greenwich,Glaisher Street,Urban Background ,,No,51.4831,-0.0188,537666.7807,177875.9136,1.5,3.03
422450,2018-10-24 13:00:00,2019-02-06 01:00:00,1.214,-1.088,-2.092,Network Based Calibration,2018-10-05 16:30:00,NA,42245,2018-09-01 01:00:00,2018-10-24 13:00:00,2018-10-05 16:30:00,2019-02-06 01:00:00,0,NA,NA,NA,NA,0,NA,NA,NA,NA,2494,99.4,32.39,0,63,Merton,Parkside,Kerbside,,No,51.426126,-0.222013,523711.065,171177.9655,1.26,2.93
552450,2018-10-17 14:00:00,2018-12-17 01:00:00,1.636,-2.241,-4.31,Gold Pod Colocation,NA,NA,55245,2018-09-01 01:00:00,2018-10-17 14:00:00,NA,2018-12-17 01:00:00,0,NA,NA,NA,NA,0,NA,NA,NA,NA,1445,99.52,28.49,0,66,Richmond,Wetland Centre,Urban Background ,,No,51.476168,-0.230427,522991.6947,176728.6714,NA,3.133
652450,2018-12-16 17:00:00,2019-01-08 01:00:00,1.133,-1.096,-2.108,Gold Pod Colocation,2018-12-16 17:00:00,NA,65245,2018-09-01 01:00:00,2018-10-30 16:00:00,2018-12-16 17:00:00,2019-01-08 01:00:00,1,2018-11-28 09:00:00,2018-12-16 18:30:00,NA,NA,1,2018-10-01 01:00:00,2018-11-28 23:00:00,NA,NA,524,97.76,13.83,0,703,Bromley,Broomhill Road,Urban Background ,,No,51.379382,0.100759,546298.5553,166574.025,14.4,3
722450,2018-11-02 00:00:00,2019-02-13 01:00:00,1.309,-5.06,-9.731,Gold Pod Colocation,NA,NA,72245,2018-09-01 01:00:00,2018-11-02 00:00:00,NA,2019-02-13 01:00:00,0,NA,NA,NA,NA,0,NA,NA,NA,NA,1079,43.63,21.61,0,76,Camden,Fitzjohn Avenue,Roadside,,No,51.551247,-0.175939,526560.8688,185170.5485,1.1,3.3
742450,2018-10-23 11:00:00,2019-08-12 02:00:00,1.323,1.5,2.885,Network Based Calibration,NA,NA,74245,2018-09-01 01:00:00,2018-10-23 11:00:00,NA,2019-08-12 02:00:00,0,NA,NA,NA,NA,0,NA,NA,NA,NA,6935,98.75,46.63,0,57,Harrow,Greenhill Way,Kerbside,,No,51.58092,-0.341502,515014.0843,188197.3611,0.3,3.166
742451,2019-09-03 13:00:00,2019-09-17 02:00:00,1.323,1.5,2.885,Network Based Calibration,NA,NA,74245,2018-09-01 01:00:00,2019-09-03 13:00:00,NA,2019-09-17 02:00:00,0,NA,NA,NA,NA,0,NA,NA,NA,NA,324,99.69,39.68,0,75,Islington,Holloway Road,Roadside,,No,51.555387,-0.116092,530700.6533,185732.4358,2,2.5
832450,2018-12-14 13:15:00,2019-04-18 02:00:00,0.981,4.506,8.665,Network Based Calibration,2018-12-14 13:15:00,NA,83245,2018-09-01 01:00:00,2018-11-29 12:00:00,2018-12-14 13:15:00,2019-04-18 02:00:00,1,2018-12-02 13:30:00,2018-12-14 14:45:00,NA,NA,1,2018-10-01 01:00:00,2019-02-08 10:00:00,NA,NA,1643,54.99,38.71,0,25,Hackney,Richmond Road,Roadside,,No,51.54337,-0.057899,534773.8001,184502.5448,1.12,3.1
872450,2019-03-11 15:30:00,2019-05-20 02:00:00,1.418,1.935,3.721,Network Based Calibration,NA,2019-12-11 19:54:00,87245,2019-03-11 15:30:00,2018-10-29 15:00:00,2019-12-11 19:54:00,2019-05-20 02:00:00,1,2019-11-24 14:52:00,2019-12-11 19:54:00,NA,NA,0,NA,NA,NA,NA,1662,99.79,44.11,0,513,Lewisham,Haseltine Road,Kerbside,,No,51.42796,-0.036516,536598.4877,171712.2561,1,2.9
892450,2018-10-25 13:00:00,2019-01-03 01:00:00,1.161,-0.179,-0.344,Gold Pod Colocation,NA,NA,89245,2018-09-01 01:00:00,2018-10-25 13:00:00,NA,2019-01-03 01:00:00,0,NA,NA,NA,NA,0,NA,NA,NA,NA,671,40.2,30.42,0,18,Barking & Dagenham,Woolwich Manor Way,Roadside,,No,51.515901,0.060587,543071.2258,181673.42,0.1,3.3
982450,2018-09-20 11:00:00,2019-01-08 01:00:00,1.476,-1.655,-3.183,Network Based Calibration,NA,NA,98245,2018-09-01 01:00:00,2018-09-20 11:00:00,NA,2019-01-08 01:00:00,0,NA,NA,NA,NA,0,NA,NA,NA,NA,2622,99.66,74.19,12,CFD4,Greenwich,King William Walk,Roadside,,No,51.481858,-0.008609,538371.4522,177755.1647,1.5,3
